{
  "version": 2,
  "buildCommand": "cd client && npm install && npm run build",
  "outputDirectory": "client/build",
  "installCommand": "npm install && cd client && npm install",
  "framework": null,
  "functions": {
    "api/index.js": {
      "runtime": "nodejs18.x",
      "memory": 1024,
      "maxDuration": 30
    }
  },
  "rewrites": [
    {
      "source": "/api/(.*)",
      "destination": "/api/index.js"
    },
    {
      "source": "/(.*)",
      "destination": "/index.html"
    }
  ],
  "headers": [
    {
      "source": "/api/(.*)",
      "headers": [
        {
          "key": "Access-Control-Allow-Origin",
          "value": "*"
        },
        {
          "key": "Access-Control-Allow-Methods",
          "value": "GET, POST, PUT, DELETE, OPTIONS"
        },
        {
          "key": "Access-Control-Allow-Headers",
          "value": "Content-Type, Authorization"
        }
      ]
    }
  ]
}
